"","kingdom","phylum","class","order","family","genus"
"Otu0001","Bacteria","Bacteroidetes","Bacteroidia","Bacteroidales","Bacteroidales_S24-7_group","Bacteroidales_S24-7_group_ge"
"Otu0002","Bacteria","Firmicutes","Clostridia","Clostridiales","Lachnospiraceae","Lachnospiraceae_NK4A136_group"
"Otu0003","Bacteria","Firmicutes","Clostridia","Clostridiales","Lachnospiraceae","Lachnospiraceae_NK4A136_group"
"Otu0004","Bacteria","Bacteroidetes","Bacteroidia","Bacteroidales","Bacteroidales_S24-7_group","Bacteroidales_S24-7_group_ge"
"Otu0005","Bacteria","Firmicutes","Bacilli","Lactobacillales","Lactobacillaceae","Lactobacillus"
"Otu0006","Bacteria","Firmicutes","Clostridia","Clostridiales","Lachnospiraceae","Lachnospiraceae_unclassified"
"Otu0007","Bacteria","Firmicutes","Clostridia","Clostridiales","Lachnospiraceae","Lachnospiraceae_NK4A136_group"
"Otu0008","Bacteria","Firmicutes","Clostridia","Clostridiales","Lachnospiraceae","uncultured"
"Otu0009","Bacteria","Firmicutes","Clostridia","Clostridiales","Ruminococcaceae","Ruminiclostridium"
"Otu0010","Bacteria","Firmicutes","Clostridia","Clostridiales","Lachnospiraceae","Lachnospiraceae_NK4A136_group"
"Otu0011","Bacteria","Firmicutes","Clostridia","Clostridiales","Lachnospiraceae","Lachnospiraceae_NK4A136_group"
"Otu0012","Bacteria","Firmicutes","Clostridia","Clostridiales","Lachnospiraceae","Lachnospiraceae_NK4A136_group"
"Otu0013","Bacteria","Firmicutes","Clostridia","Clostridiales","Lachnospiraceae","Lachnospiraceae_ge"
"Otu0014","Bacteria","Firmicutes","Clostridia","Clostridiales","Ruminococcaceae","Ruminococcaceae_unclassified"
"Otu0015","Bacteria","Firmicutes","Clostridia","Clostridiales","Lachnospiraceae","Lachnospiraceae_NK4A136_group"
"Otu0016","Bacteria","Firmicutes","Clostridia","Clostridiales","Lachnospiraceae","Lachnospiraceae_unclassified"
"Otu0017","Bacteria","Firmicutes","Clostridia","Clostridiales","Lachnospiraceae","Lachnospiraceae_NK4A136_group"
"Otu0018","Bacteria","Firmicutes","Clostridia","Clostridiales","Lachnospiraceae","Lachnospiraceae_NK4A136_group"
"Otu0019","Bacteria","Bacteroidetes","Bacteroidia","Bacteroidales","Prevotellaceae","Prevotellaceae_UCG-001"
"Otu0020","Bacteria","Proteobacteria","Gammaproteobacteria","Enterobacteriales","Enterobacteriaceae","Escherichia-Shigella"
"Otu0021","Bacteria","Tenericutes","Mollicutes","Anaeroplasmatales","Anaeroplasmataceae","Anaeroplasma"
"Otu0022","Bacteria","Firmicutes","Clostridia","Clostridiales","Lachnospiraceae","Lachnospiraceae_unclassified"
"Otu0023","Bacteria","Firmicutes","Clostridia","Clostridiales","Lachnospiraceae","Lachnospiraceae_unclassified"
"Otu0024","Bacteria","Firmicutes","Clostridia","Clostridiales","Ruminococcaceae","Ruminiclostridium_9"
"Otu0025","Bacteria","Proteobacteria","Gammaproteobacteria","Enterobacteriales","Enterobacteriaceae","Enterobacteriaceae_unclassified"
"Otu0026","Bacteria","Firmicutes","Clostridia","Clostridiales","Ruminococcaceae","Oscillibacter"
"Otu0027","Bacteria","Firmicutes","Clostridia","Clostridiales","Lachnospiraceae","Lachnospiraceae_unclassified"
"Otu0028","Bacteria","Firmicutes","Clostridia","Clostridiales","Ruminococcaceae","Oscillibacter"
"Otu0029","Bacteria","Firmicutes","Clostridia","Clostridiales","Lachnospiraceae","Acetatifactor"
"Otu0030","Bacteria","Firmicutes","Bacilli","Bacillales","Staphylococcaceae","Staphylococcus"
"Otu0031","Bacteria","Bacteroidetes","Bacteroidia","Bacteroidales","Bacteroidales_S24-7_group","Bacteroidales_S24-7_group_ge"
"Otu0032","Bacteria","Firmicutes","Clostridia","Clostridiales","Ruminococcaceae","Ruminiclostridium_9"
"Otu0033","Bacteria","Firmicutes","Clostridia","Clostridiales","Lachnospiraceae","Roseburia"
"Otu0034","Bacteria","Firmicutes","Clostridia","Clostridiales","Clostridiales_vadinBB60_group","Clostridiales_vadinBB60_group_ge"
"Otu0035","Bacteria","Firmicutes","Clostridia","Clostridiales","Lachnospiraceae","Lachnospiraceae_unclassified"
"Otu0036","Bacteria","Firmicutes","Clostridia","Clostridiales","Lachnospiraceae","Lachnospiraceae_NK4A136_group"
"Otu0037","Bacteria","Firmicutes","Clostridia","Clostridiales","Lachnospiraceae","Lachnospiraceae_NK4A136_group"
"Otu0038","Bacteria","Firmicutes","Clostridia","Clostridiales","Lachnospiraceae","Lachnospiraceae_unclassified"
"Otu0039","Bacteria","Firmicutes","Clostridia","Clostridiales","Lachnospiraceae","Lachnospiraceae_unclassified"
"Otu0040","Bacteria","Firmicutes","Clostridia","Clostridiales","Lachnospiraceae","Lachnoclostridium"
"Otu0041","Bacteria","Firmicutes","Clostridia","Clostridiales","Lachnospiraceae","Lachnospiraceae_unclassified"
"Otu0042","Bacteria","Firmicutes","Clostridia","Clostridiales","Clostridiales_vadinBB60_group","Clostridiales_vadinBB60_group_ge"
"Otu0043","Bacteria","Firmicutes","Clostridia","Clostridiales","Lachnospiraceae","Lachnospiraceae_unclassified"
"Otu0044","Bacteria","Firmicutes","Clostridia","Clostridiales","Lachnospiraceae","Lachnoclostridium"
"Otu0045","Bacteria","Firmicutes","Clostridia","Clostridiales","Lachnospiraceae","Lachnospiraceae_unclassified"
"Otu0046","Bacteria","Firmicutes","Clostridia","Clostridiales","Lachnospiraceae","Lachnospiraceae_UCG-001"
"Otu0047","Bacteria","Firmicutes","Clostridia","Clostridiales","Lachnospiraceae","Lachnospiraceae_unclassified"
"Otu0048","Bacteria","Firmicutes","Clostridia","Clostridiales","Lachnospiraceae","Lachnospiraceae_unclassified"
"Otu0049","Bacteria","Firmicutes","Bacilli","Lactobacillales","Lactobacillaceae","Lactobacillus"
"Otu0050","Bacteria","Firmicutes","Bacilli","Bacillales","Bacillaceae","Bacillus"
"Otu0051","Bacteria","Firmicutes","Clostridia","Clostridiales","Ruminococcaceae","Ruminococcaceae_UCG-014"
"Otu0052","Bacteria","Firmicutes","Clostridia","Clostridiales","Ruminococcaceae","Ruminiclostridium"
"Otu0053","Bacteria","Firmicutes","Bacilli","Bacillales","Listeriaceae","Listeria"
"Otu0054","Bacteria","Firmicutes","Clostridia","Clostridiales","Lachnospiraceae","Roseburia"
"Otu0055","Bacteria","Firmicutes","Clostridia","Clostridiales","Ruminococcaceae","Ruminiclostridium_6"
"Otu0056","Bacteria","Firmicutes","Clostridia","Clostridiales","Lachnospiraceae","Lachnospiraceae_unclassified"
"Otu0057","Bacteria","Proteobacteria","Gammaproteobacteria","Pseudomonadales","Pseudomonadaceae","Pseudomonadaceae_unclassified"
"Otu0058","Bacteria","Firmicutes","Clostridia","Clostridiales","Lachnospiraceae","Lachnospiraceae_UCG-001"
"Otu0059","Bacteria","Firmicutes","Clostridia","Clostridiales","Lachnospiraceae","Lachnospiraceae_unclassified"
"Otu0060","Bacteria","Firmicutes","Bacilli","Lactobacillales","Enterococcaceae","Enterococcus"
"Otu0061","Bacteria","Firmicutes","Clostridia","Clostridiales","Ruminococcaceae","Ruminococcaceae_UCG-014"
"Otu0062","Bacteria","Firmicutes","Clostridia","Clostridiales","Lachnospiraceae","uncultured"
"Otu0063","Bacteria","Firmicutes","Clostridia","Clostridiales","Lachnospiraceae","Lachnospiraceae_unclassified"
"Otu0064","Bacteria","Firmicutes","Clostridia","Clostridiales","Ruminococcaceae","Ruminococcaceae_unclassified"
"Otu0065","Bacteria","Firmicutes","Clostridia","Clostridiales","Lachnospiraceae","uncultured"
"Otu0066","Bacteria","Firmicutes","Clostridia","Clostridiales","Lachnospiraceae","Lachnoclostridium"
"Otu0068","Bacteria","Firmicutes","Clostridia","Clostridiales","Lachnospiraceae","Lachnospiraceae_unclassified"
"Otu0069","Bacteria","Firmicutes","Clostridia","Clostridiales","Lachnospiraceae","Coprococcus_1"
"Otu0070","Bacteria","Firmicutes","Clostridia","Clostridiales","Ruminococcaceae","Ruminiclostridium_5"
"Otu0071","Bacteria","Firmicutes","Clostridia","Clostridiales","Lachnospiraceae","Lachnospiraceae_unclassified"
"Otu0072","Bacteria","Firmicutes","Clostridia","Clostridiales","Lachnospiraceae","Lachnospiraceae_unclassified"
"Otu0073","Bacteria","Firmicutes","Clostridia","Clostridiales","Ruminococcaceae","Ruminiclostridium_9"
"Otu0074","Bacteria","Firmicutes","Erysipelotrichia","Erysipelotrichales","Erysipelotrichaceae","Turicibacter"
"Otu0075","Bacteria","Firmicutes","Clostridia","Clostridiales","Lachnospiraceae","Lachnospiraceae_unclassified"
"Otu0076","Bacteria","Firmicutes","Clostridia","Clostridiales","Lachnospiraceae","Lachnospiraceae_unclassified"
"Otu0077","Bacteria","Firmicutes","Clostridia","Clostridiales","Lachnospiraceae","Lachnospiraceae_NK4A136_group"
"Otu0078","Bacteria","Firmicutes","Clostridia","Clostridiales","Lachnospiraceae","Lachnospiraceae_unclassified"
"Otu0079","Bacteria","Firmicutes","Clostridia","Clostridiales","Lachnospiraceae","Lachnospiraceae_unclassified"
"Otu0081","Bacteria","Firmicutes","Clostridia","Clostridiales","Lachnospiraceae","Lachnospiraceae_unclassified"
"Otu0082","Bacteria","Firmicutes","Clostridia","Clostridiales","Lachnospiraceae","Lachnospiraceae_unclassified"
"Otu0083","Bacteria","Firmicutes","Clostridia","Clostridiales","Lachnospiraceae","Lachnospiraceae_unclassified"
"Otu0084","Bacteria","Firmicutes","Clostridia","Clostridiales","Lachnospiraceae","Marvinbryantia"
"Otu0085","Bacteria","Firmicutes","Clostridia","Clostridiales","Lachnospiraceae","uncultured"
"Otu0087","Bacteria","Firmicutes","Clostridia","Clostridiales","Ruminococcaceae","Ruminococcaceae_ge"
"Otu0088","Bacteria","Actinobacteria","Actinobacteria","Bifidobacteriales","Bifidobacteriaceae","Bifidobacterium"
"Otu0089","Bacteria","Firmicutes","Clostridia","Clostridiales","Lachnospiraceae","Lachnospiraceae_NK4B4_group"
"Otu0090","Bacteria","Firmicutes","Clostridia","Clostridiales","Lachnospiraceae","Lachnospiraceae_unclassified"
"Otu0092","Bacteria","Firmicutes","Clostridia","Clostridiales","Lachnospiraceae","Lachnospiraceae_unclassified"
"Otu0093","Bacteria","Firmicutes","Clostridia","Clostridiales","Lachnospiraceae","Tyzzerella_3"
"Otu0094","Bacteria","Firmicutes","Clostridia","Clostridiales","Lachnospiraceae","uncultured"
"Otu0095","Bacteria","Firmicutes","Clostridia","Clostridiales","Lachnospiraceae","Acetatifactor"
"Otu0096","Bacteria","Firmicutes","Clostridia","Clostridiales","Lachnospiraceae","Lachnospiraceae_unclassified"
"Otu0097","Bacteria","Firmicutes","Clostridia","Clostridiales","Lachnospiraceae","Tyzzerella"
"Otu0098","Bacteria","Firmicutes","Clostridia","Clostridiales","Lachnospiraceae","Lachnospiraceae_unclassified"
"Otu0099","Bacteria","Firmicutes","Clostridia","Clostridiales","Lachnospiraceae","Lachnospiraceae_UCG-006"
"Otu0102","Bacteria","Firmicutes","Clostridia","Clostridiales","Lachnospiraceae","Acetatifactor"
"Otu0103","Bacteria","Firmicutes","Clostridia","Clostridiales","Family_XIII","Family_XIII_ge"
"Otu0104","Bacteria","Firmicutes","Clostridia","Clostridiales","Lachnospiraceae","Acetatifactor"
"Otu0106","Bacteria","Firmicutes","Clostridia","Clostridiales","Peptococcaceae","uncultured"
"Otu0107","Bacteria","Firmicutes","Clostridia","Clostridiales","Lachnospiraceae","Lachnospiraceae_unclassified"
"Otu0108","Bacteria","Firmicutes","Clostridia","Clostridiales","Ruminococcaceae","Ruminiclostridium"
"Otu0109","Bacteria","Firmicutes","Clostridia","Clostridiales","Lachnospiraceae","Lachnospiraceae_FCS020_group"
"Otu0110","Bacteria","Firmicutes","Clostridia","Clostridiales","Ruminococcaceae","Ruminiclostridium"
"Otu0112","Bacteria","Firmicutes","Clostridia","Clostridiales","Lachnospiraceae","uncultured"
"Otu0113","Bacteria","Firmicutes","Clostridia","Clostridiales","Clostridiales_vadinBB60_group","Clostridiales_vadinBB60_group_ge"
"Otu0114","Bacteria","Firmicutes","Clostridia","Clostridiales","Ruminococcaceae","Anaerotruncus"
"Otu0115","Bacteria","Firmicutes","Clostridia","Clostridiales","Ruminococcaceae","Anaerotruncus"
"Otu0116","Bacteria","Bacteroidetes","Bacteroidia","Bacteroidales","Bacteroidales_S24-7_group","Bacteroidales_S24-7_group_ge"
"Otu0118","Bacteria","Firmicutes","Clostridia","Clostridiales","Ruminococcaceae","Ruminococcaceae_UCG-014"
"Otu0120","Bacteria","Firmicutes","Clostridia","Clostridiales","Lachnospiraceae","uncultured"
"Otu0122","Bacteria","Firmicutes","Clostridia","Clostridiales","Ruminococcaceae","Intestinimonas"
"Otu0123","Bacteria","Firmicutes","Clostridia","Clostridiales","Clostridiales_vadinBB60_group","Clostridiales_vadinBB60_group_ge"
"Otu0124","Bacteria","Firmicutes","Clostridia","Clostridiales","Lachnospiraceae","Lachnospiraceae_UCG-001"
"Otu0127","Bacteria","Firmicutes","Clostridia","Clostridiales","Lachnospiraceae","Lachnospiraceae_unclassified"
"Otu0128","Bacteria","Firmicutes","Clostridia","Clostridiales","Ruminococcaceae","Anaerotruncus"
"Otu0129","Bacteria","Firmicutes","Clostridia","Clostridiales","Clostridiales_vadinBB60_group","Clostridiales_vadinBB60_group_ge"
"Otu0130","Bacteria","Firmicutes","Clostridia","Clostridiales","Lachnospiraceae","uncultured"
"Otu0131","Bacteria","Firmicutes","Clostridia","Clostridiales","Ruminococcaceae","Anaerotruncus"
"Otu0132","Bacteria","Firmicutes","Clostridia","Clostridiales","Lachnospiraceae","Acetatifactor"
"Otu0133","Bacteria","Firmicutes","Clostridia","Clostridiales","Lachnospiraceae","Lachnospiraceae_unclassified"
"Otu0134","Bacteria","Firmicutes","Clostridia","Clostridiales","Lachnospiraceae","Coprococcus_1"
"Otu0136","Bacteria","Firmicutes","Bacilli","Lactobacillales","Streptococcaceae","Lactococcus"
"Otu0138","Bacteria","Firmicutes","Clostridia","Clostridiales","Ruminococcaceae","Oscillibacter"
"Otu0139","Bacteria","Firmicutes","Clostridia","Clostridiales","Ruminococcaceae","Ruminiclostridium_5"
"Otu0140","Bacteria","Firmicutes","Clostridia","Clostridiales","Lachnospiraceae","Lachnospiraceae_unclassified"
"Otu0141","Bacteria","Firmicutes","Clostridia","Clostridiales","Ruminococcaceae","Ruminococcaceae_UCG-014"
"Otu0142","Bacteria","Bacteroidetes","Bacteroidia","Bacteroidales","Bacteroidales_S24-7_group","Bacteroidales_S24-7_group_ge"
"Otu0143","Bacteria","Firmicutes","Clostridia","Clostridiales","Clostridiales_vadinBB60_group","Clostridiales_vadinBB60_group_ge"
"Otu0144","Bacteria","Firmicutes","Clostridia","Clostridiales","Clostridiales_vadinBB60_group","Clostridiales_vadinBB60_group_ge"
"Otu0145","Bacteria","Firmicutes","Clostridia","Clostridiales","Ruminococcaceae","Ruminococcaceae_unclassified"
"Otu0146","Bacteria","Firmicutes","Clostridia","Clostridiales","Lachnospiraceae","Lachnospiraceae_UCG-004"
"Otu0147","Bacteria","Firmicutes","Clostridia","Clostridiales","Lachnospiraceae","uncultured"
"Otu0148","Bacteria","Firmicutes","Bacilli","Lactobacillales","Lactobacillaceae","Lactobacillus"
"Otu0149","Bacteria","Firmicutes","Clostridia","Clostridiales","Ruminococcaceae","Ruminiclostridium"
"Otu0150","Bacteria","Firmicutes","Clostridia","Clostridiales","Lachnospiraceae","Lachnospiraceae_unclassified"
"Otu0152","Bacteria","Firmicutes","Clostridia","Clostridiales","Lachnospiraceae","Lachnospiraceae_unclassified"
"Otu0154","Bacteria","Firmicutes","Clostridia","Clostridiales","Lachnospiraceae","Lachnoclostridium"
"Otu0155","Bacteria","Firmicutes","Clostridia","Clostridiales","Ruminococcaceae","Ruminococcaceae_UCG-014"
"Otu0156","Bacteria","Firmicutes","Clostridia","Clostridiales","Lachnospiraceae","Lachnospiraceae_unclassified"
"Otu0157","Bacteria","Firmicutes","Clostridia","Clostridiales","Lachnospiraceae","uncultured"
"Otu0158","Bacteria","Firmicutes","Clostridia","Clostridiales","Ruminococcaceae","Ruminiclostridium_5"
"Otu0160","Bacteria","Firmicutes","Clostridia","Clostridiales","Lachnospiraceae","Lachnospiraceae_unclassified"
"Otu0161","Bacteria","Firmicutes","Clostridia","Clostridiales","Lachnospiraceae","uncultured"
"Otu0162","Bacteria","Firmicutes","Clostridia","Clostridiales","Ruminococcaceae","Ruminococcaceae_UCG-013"
"Otu0163","Bacteria","Firmicutes","Clostridia","Clostridiales","Ruminococcaceae","Butyricicoccus"
"Otu0164","Bacteria","Firmicutes","Clostridia","Clostridiales","Clostridiales_vadinBB60_group","Clostridiales_vadinBB60_group_ge"
"Otu0165","Bacteria","Firmicutes","Clostridia","Clostridiales","Lachnospiraceae","Lachnospiraceae_unclassified"
"Otu0166","Bacteria","Firmicutes","Clostridia","Clostridiales","Lachnospiraceae","Lachnospiraceae_unclassified"
"Otu0167","Bacteria","Firmicutes","Clostridia","Clostridiales","Ruminococcaceae","Oscillibacter"
"Otu0168","Bacteria","Firmicutes","Clostridia","Clostridiales","Lachnospiraceae","Lachnospiraceae_unclassified"
"Otu0169","Bacteria","Firmicutes","Clostridia","Clostridiales","Ruminococcaceae","Ruminococcaceae_UCG-014"
"Otu0170","Bacteria","Firmicutes","Clostridia","Clostridiales","Lachnospiraceae","Lachnospiraceae_unclassified"
"Otu0171","Bacteria","Firmicutes","Clostridia","Clostridiales","Lachnospiraceae","Lachnospiraceae_unclassified"
"Otu0172","Bacteria","Firmicutes","Clostridia","Clostridiales","Ruminococcaceae","Anaerotruncus"
"Otu0173","Bacteria","Firmicutes","Clostridia","Clostridiales","Lachnospiraceae","Coprococcus_1"
"Otu0174","Bacteria","Firmicutes","Clostridia","Clostridiales","Ruminococcaceae","Ruminococcaceae_UCG-014"
"Otu0175","Bacteria","Firmicutes","Clostridia","Clostridiales","Ruminococcaceae","Ruminococcaceae_UCG-014"
"Otu0176","Bacteria","Actinobacteria","Coriobacteriia","Coriobacteriales","Coriobacteriaceae","Coriobacteriaceae_unclassified"
"Otu0177","Bacteria","Firmicutes","Clostridia","Clostridiales","Lachnospiraceae","Lachnospiraceae_unclassified"
"Otu0179","Bacteria","Firmicutes","Clostridia","Clostridiales","Ruminococcaceae","Ruminococcaceae_UCG-014"
"Otu0180","Bacteria","Firmicutes","Clostridia","Clostridiales","Clostridiales_vadinBB60_group","Clostridiales_vadinBB60_group_ge"
"Otu0181","Bacteria","Firmicutes","Clostridia","Clostridiales","Lachnospiraceae","Lachnospiraceae_unclassified"
"Otu0182","Bacteria","Firmicutes","Clostridia","Clostridiales","Ruminococcaceae","Anaerotruncus"
"Otu0183","Bacteria","Firmicutes","Clostridia","Clostridiales","Lachnospiraceae","Lachnospiraceae_unclassified"
"Otu0184","Bacteria","Firmicutes","Clostridia","Clostridiales","Lachnospiraceae","Roseburia"
"Otu0185","Bacteria","Firmicutes","Clostridia","Clostridiales","Ruminococcaceae","Ruminococcaceae_UCG-014"
"Otu0186","Bacteria","Firmicutes","Clostridia","Clostridiales","Lachnospiraceae","Lachnospiraceae_unclassified"
"Otu0187","Bacteria","Firmicutes","Clostridia","Clostridiales","Ruminococcaceae","Ruminococcaceae_unclassified"
"Otu0189","Bacteria","Firmicutes","Clostridia","Clostridiales","Lachnospiraceae","Lachnospiraceae_unclassified"
"Otu0190","Bacteria","Firmicutes","Clostridia","Clostridiales","Peptococcaceae","uncultured"
"Otu0191","Bacteria","Firmicutes","Clostridia","Clostridiales","Lachnospiraceae","Lachnospiraceae_unclassified"
"Otu0192","Bacteria","Firmicutes","Clostridia","Clostridiales","Ruminococcaceae","Ruminococcaceae_unclassified"
"Otu0193","Bacteria","Firmicutes","Clostridia","Clostridiales","Ruminococcaceae","Anaerotruncus"
"Otu0195","Bacteria","Firmicutes","Clostridia","Clostridiales","Lachnospiraceae","Lachnospiraceae_unclassified"
"Otu0196","Bacteria","Firmicutes","Clostridia","Clostridiales","Ruminococcaceae","Ruminococcaceae_UCG-014"
"Otu0197","Bacteria","Firmicutes","Clostridia","Clostridiales","Lachnospiraceae","Roseburia"
"Otu0198","Bacteria","Firmicutes","Clostridia","Clostridiales","Ruminococcaceae","Ruminococcaceae_UCG-014"
"Otu0199","Bacteria","Firmicutes","Firmicutes_unclassified","Firmicutes_unclassified","Firmicutes_unclassified","Firmicutes_unclassified"
"Otu0200","Bacteria","Firmicutes","Clostridia","Clostridiales","Lachnospiraceae","Lachnospiraceae_NK4A136_group"
"Otu0201","Bacteria","Actinobacteria","Coriobacteriia","Coriobacteriales","Coriobacteriaceae","Adlercreutzia"
"Otu0202","Bacteria","Firmicutes","Clostridia","Clostridiales","Ruminococcaceae","Anaerotruncus"
"Otu0204","Bacteria","Firmicutes","Clostridia","Clostridiales","Lachnospiraceae","Lachnospiraceae_NK4A136_group"
"Otu0205","Bacteria","Firmicutes","Clostridia","Clostridiales","Lachnospiraceae","Lachnospiraceae_unclassified"
"Otu0208","Bacteria","Firmicutes","Clostridia","Clostridiales","Lachnospiraceae","Lachnospiraceae_unclassified"
"Otu0209","Bacteria","Firmicutes","Erysipelotrichia","Erysipelotrichales","Erysipelotrichaceae","Erysipelatoclostridium"
"Otu0211","Bacteria","Actinobacteria","Coriobacteriia","Coriobacteriales","Coriobacteriaceae","Coriobacteriaceae_unclassified"
"Otu0214","Bacteria","Firmicutes","Clostridia","Clostridiales","Lachnospiraceae","Lachnospiraceae_unclassified"
"Otu0215","Bacteria","Firmicutes","Clostridia","Clostridiales","Lachnospiraceae","Lachnospiraceae_unclassified"
"Otu0217","Bacteria","Firmicutes","Clostridia","Clostridiales","Ruminococcaceae","Ruminococcaceae_unclassified"
"Otu0218","Bacteria","Firmicutes","Clostridia","Clostridiales","Ruminococcaceae","Ruminiclostridium"
"Otu0220","Bacteria","Tenericutes","Mollicutes","Mollicutes_RF9","Mollicutes_RF9_fa","Mollicutes_RF9_ge"
"Otu0221","Bacteria","Firmicutes","Clostridia","Clostridiales","Lachnospiraceae","Coprococcus_1"
"Otu0224","Bacteria","Firmicutes","Clostridia","Clostridiales","Lachnospiraceae","Lachnospiraceae_unclassified"
"Otu0227","Bacteria","Firmicutes","Clostridia","Clostridiales","Ruminococcaceae","Ruminococcaceae_ge"
"Otu0228","Bacteria","Firmicutes","Erysipelotrichia","Erysipelotrichales","Erysipelotrichaceae","Erysipelotrichaceae_unclassified"
"Otu0229","Bacteria","Firmicutes","Clostridia","Clostridiales","Clostridiales_vadinBB60_group","Clostridiales_vadinBB60_group_ge"
"Otu0230","Bacteria","Firmicutes","Clostridia","Clostridiales","Lachnospiraceae","Lachnospiraceae_unclassified"
"Otu0231","Bacteria","Firmicutes","Clostridia","Clostridiales","Family_XIII","Family_XIII_ge"
"Otu0232","Bacteria","Firmicutes","Clostridia","Clostridiales","Ruminococcaceae","Ruminococcaceae_unclassified"
"Otu0233","Bacteria","Firmicutes","Clostridia","Clostridiales","Lachnospiraceae","Lachnospiraceae_unclassified"
"Otu0234","Bacteria","Firmicutes","Clostridia","Clostridiales","Ruminococcaceae","Ruminiclostridium_9"
"Otu0235","Bacteria","Firmicutes","Clostridia","Clostridiales","Ruminococcaceae","Anaerotruncus"
"Otu0236","Bacteria","Tenericutes","Mollicutes","Mollicutes_RF9","Mollicutes_RF9_fa","Mollicutes_RF9_ge"
"Otu0238","Bacteria","Firmicutes","Erysipelotrichia","Erysipelotrichales","Erysipelotrichaceae","Candidatus_Stoquefichus"
"Otu0239","Bacteria","Firmicutes","Erysipelotrichia","Erysipelotrichales","Erysipelotrichaceae","Erysipelotrichaceae_unclassified"
"Otu0243","Bacteria","Firmicutes","Clostridia","Clostridiales","Lachnospiraceae","Lachnospiraceae_unclassified"
"Otu0247","Bacteria","Firmicutes","Clostridia","Clostridiales","Ruminococcaceae","Ruminococcaceae_unclassified"
"Otu0251","Bacteria","Firmicutes","Clostridia","Clostridiales","Clostridiales_unclassified","Clostridiales_unclassified"
"Otu0252","Bacteria","Firmicutes","Clostridia","Clostridiales","Lachnospiraceae","Lachnospiraceae_unclassified"
"Otu0253","Bacteria","Firmicutes","Clostridia","Clostridiales","Ruminococcaceae","Anaerotruncus"
"Otu0256","Bacteria","Firmicutes","Clostridia","Clostridiales","Ruminococcaceae","Anaerotruncus"
"Otu0260","Bacteria","Firmicutes","Clostridia","Clostridiales","Clostridiales_vadinBB60_group","Clostridiales_vadinBB60_group_ge"
"Otu0261","Bacteria","Firmicutes","Clostridia","Clostridiales","Lachnospiraceae","Lachnospiraceae_UCG-006"
"Otu0262","Bacteria","Firmicutes","Clostridia","Clostridiales","Lachnospiraceae","Lachnospiraceae_unclassified"
"Otu0264","Bacteria","Firmicutes","Clostridia","Clostridiales","Lachnospiraceae","Lachnospiraceae_unclassified"
"Otu0266","Bacteria","Proteobacteria","Gammaproteobacteria","Pseudomonadales","Moraxellaceae","Acinetobacter"
"Otu0270","Bacteria","Firmicutes","Clostridia","Clostridiales","Lachnospiraceae","Lachnospiraceae_unclassified"
"Otu0271","Bacteria","Firmicutes","Clostridia","Clostridiales","Lachnospiraceae","Lachnospiraceae_unclassified"
"Otu0272","Bacteria","Firmicutes","Clostridia","Clostridiales","Lachnospiraceae","Lachnospiraceae_NC2004_group"
"Otu0273","Bacteria","Firmicutes","Clostridia","Clostridiales","Lachnospiraceae","Lachnospiraceae_unclassified"
"Otu0274","Bacteria","Firmicutes","Clostridia","Clostridiales","Clostridiales_unclassified","Clostridiales_unclassified"
"Otu0275","Bacteria","Firmicutes","Clostridia","Clostridiales","Ruminococcaceae","Anaerotruncus"
"Otu0277","Bacteria","Bacteroidetes","Bacteroidia","Bacteroidales","Bacteroidales_S24-7_group","Bacteroidales_S24-7_group_ge"
"Otu0279","Bacteria","Firmicutes","Clostridia","Clostridiales","Lachnospiraceae","Tyzzerella"
"Otu0280","Bacteria","Firmicutes","Clostridia","Clostridiales","Ruminococcaceae","Flavonifractor"
"Otu0283","Bacteria","Firmicutes","Clostridia","Clostridiales","Lachnospiraceae","Lachnospiraceae_unclassified"
"Otu0284","Bacteria","Firmicutes","Clostridia","Clostridiales","Family_XIII","Family_XIII_AD3011_group"
"Otu0285","Bacteria","Firmicutes","Clostridia","Clostridiales","Lachnospiraceae","Acetatifactor"
"Otu0291","Bacteria","Bacteroidetes","Bacteroidia","Bacteroidales","Bacteroidales_S24-7_group","Bacteroidales_S24-7_group_ge"
"Otu0293","Bacteria","Firmicutes","Clostridia","Clostridiales","Lachnospiraceae","Lachnospiraceae_unclassified"
"Otu0295","Bacteria","Firmicutes","Erysipelotrichia","Erysipelotrichales","Erysipelotrichaceae","Erysipelotrichaceae_unclassified"
"Otu0297","Bacteria","Firmicutes","Clostridia","Clostridiales","Ruminococcaceae","Ruminococcaceae_UCG-014"
"Otu0298","Bacteria","Bacteroidetes","Bacteroidia","Bacteroidales","Bacteroidales_S24-7_group","Bacteroidales_S24-7_group_ge"
"Otu0299","Bacteria","Firmicutes","Clostridia","Clostridiales","Ruminococcaceae","Ruminococcaceae_unclassified"
"Otu0301","Bacteria","Firmicutes","Clostridia","Clostridiales","Lachnospiraceae","Lachnoclostridium"
"Otu0304","Bacteria","Bacteroidetes","Bacteroidia","Bacteroidales","Bacteroidales_S24-7_group","Bacteroidales_S24-7_group_ge"
"Otu0308","Bacteria","Firmicutes","Erysipelotrichia","Erysipelotrichales","Erysipelotrichaceae","Erysipelotrichaceae_unclassified"
"Otu0309","Bacteria","Bacteroidetes","Bacteroidia","Bacteroidales","Bacteroidales_S24-7_group","Bacteroidales_S24-7_group_ge"
"Otu0312","Bacteria","Bacteroidetes","Bacteroidia","Bacteroidales","Bacteroidales_S24-7_group","Bacteroidales_S24-7_group_ge"
"Otu0313","Bacteria","Firmicutes","Clostridia","Clostridiales","Ruminococcaceae","Ruminococcaceae_UCG-014"
"Otu0318","Bacteria","Firmicutes","Clostridia","Clostridiales","Lachnospiraceae","Lachnospiraceae_unclassified"
"Otu0322","Bacteria","Bacteroidetes","Bacteroidia","Bacteroidales","Bacteroidales_S24-7_group","Bacteroidales_S24-7_group_ge"
"Otu0325","Bacteria","Bacteroidetes","Bacteroidia","Bacteroidales","Bacteroidales_S24-7_group","Bacteroidales_S24-7_group_ge"
"Otu0330","Bacteria","Firmicutes","Clostridia","Clostridiales","Lachnospiraceae","Lachnospiraceae_unclassified"
"Otu0331","Bacteria","Bacteroidetes","Bacteroidia","Bacteroidales","Bacteroidales_S24-7_group","Bacteroidales_S24-7_group_ge"
"Otu0340","Bacteria","Firmicutes","Clostridia","Clostridiales","Ruminococcaceae","Ruminococcaceae_unclassified"
"Otu0341","Bacteria","Firmicutes","Bacilli","Bacillales","Staphylococcaceae","Staphylococcus"
"Otu0343","Bacteria","Bacteroidetes","Bacteroidia","Bacteroidales","Bacteroidales_S24-7_group","Bacteroidales_S24-7_group_ge"
"Otu0345","Bacteria","Firmicutes","Clostridia","Clostridiales","Lachnospiraceae","Lachnospiraceae_UCG-006"
"Otu0355","Bacteria","Firmicutes","Bacilli","Lactobacillales","Lactobacillaceae","Lactobacillus"
"Otu0356","Bacteria","Firmicutes","Clostridia","Clostridiales","Ruminococcaceae","Ruminococcaceae_UCG-014"
"Otu0357","Bacteria","Firmicutes","Clostridia","Clostridiales","Lachnospiraceae","Lachnospiraceae_unclassified"
"Otu0358","Bacteria","Bacteroidetes","Bacteroidia","Bacteroidales","Bacteroidales_S24-7_group","Bacteroidales_S24-7_group_ge"
"Otu0361","Bacteria","Firmicutes","Clostridia","Clostridiales","Ruminococcaceae","Ruminococcaceae_unclassified"
"Otu0371","Bacteria","Firmicutes","Clostridia","Clostridiales","Lachnospiraceae","Lachnospiraceae_unclassified"
"Otu0380","Bacteria","Bacteroidetes","Bacteroidia","Bacteroidales","Bacteroidales_S24-7_group","Bacteroidales_S24-7_group_ge"
"Otu0382","Bacteria","Firmicutes","Clostridia","Clostridiales","Lachnospiraceae","Lachnospiraceae_unclassified"
"Otu0387","Bacteria","Firmicutes","Bacilli","Lactobacillales","Lactobacillales_unclassified","Lactobacillales_unclassified"
"Otu0395","Bacteria","Firmicutes","Clostridia","Clostridiales","Ruminococcaceae","Oscillibacter"
"Otu0397","Bacteria","Firmicutes","Clostridia","Clostridiales","Lachnospiraceae","Lachnospiraceae_unclassified"
"Otu0401","Bacteria","Tenericutes","Mollicutes","Anaeroplasmatales","Anaeroplasmataceae","Anaeroplasma"
"Otu0423","Bacteria","Firmicutes","Bacilli","Lactobacillales","Lactobacillaceae","Lactobacillus"
"Otu0425","Bacteria","Firmicutes","Clostridia","Clostridiales","Clostridiales_vadinBB60_group","Clostridiales_vadinBB60_group_ge"
"Otu0426","Bacteria","Firmicutes","Clostridia","Clostridiales","Lachnospiraceae","Lachnospiraceae_unclassified"
"Otu0435","Bacteria","Firmicutes","Clostridia","Clostridiales","Ruminococcaceae","Ruminococcaceae_UCG-014"
"Otu0445","Bacteria","Firmicutes","Clostridia","Clostridiales","Lachnospiraceae","Lachnospiraceae_unclassified"
"Otu0469","Bacteria","Bacteroidetes","Bacteroidia","Bacteroidales","Bacteroidales_S24-7_group","Bacteroidales_S24-7_group_ge"
"Otu0484","Bacteria","Firmicutes","Clostridia","Clostridiales","Lachnospiraceae","Lachnospiraceae_unclassified"
"Otu0494","Bacteria","Firmicutes","Clostridia","Clostridiales","Clostridiaceae_1","Clostridium_sensu_stricto_1"
"Otu0505","Bacteria","Firmicutes","Bacilli","Bacilli_unclassified","Bacilli_unclassified","Bacilli_unclassified"
"Otu0553","Bacteria","Firmicutes","Bacilli","Bacillales","Bacillales_unclassified","Bacillales_unclassified"
